x1,x2
24.8697,14.6393
23.3448,16.4908
26.6545,22.6042
21.8222,27.1835
25.884,6.3294
14.177,21.3622
4.7263,26.3716
26.459,22.4087
18.0433,25.8334
10.4326,24.5178
20.7343,19.95
17.8363,11.8563
5.4048,27.8114
5.1196,10.2118
27.6297,10.0209
5.2484,9.4206
8.0567,14.7428
14.9268,10.3843
5.2576,10.957
11.0536,8.289
26.4291,10.3912
16.7277,13.8688
11.5688,15.649
8.7191,15.7939
17.5212,11.8747
12.8729,18.7103
22.5651,6.0718
9.5333,15.4627
26.8753,11.2882
5.5704,19.4716
26.9282,18.1146
25.7598,10.5614
14.3587,18.225
21.468,27.3652
13.0983,25.2354
9.9197,21.2012
17.0773,26.3302
7.7577,9.9749
8.5236,14.3472
13.3375,21.8245
7.3138,11.6608
12.6107,14.959
18.0502,25.0261
16.914,26.6821
14.6002,18.57
16.0354,23.2482
25.8311,15.5202
24.5891,24.297
21.9188,9.7058
14.6439,11.1433
15.2695,21.4933
14.6002,21.8406
24.6098,24.7087
27.1812,16.3298
23.5403,6.1569
9.5563,21.7555
12.4382,8.5857
8.4569,21.3185
26.1853,16.1872
17.098,13.5744
20.2076,28.023
18.4642,11.7137
27.793,22.5352
18.0272,12.6176
24.5776,27.8206
12.7326,22.1971
27.3123,10.2532
25.4723,22.5513
28.3933,16.822
14.6761,7.898
27.1352,18.9265
16.4701,14.0137
26.1508,24.5753
10.9662,23.8646
22.3903,6.3869
8.3672,14.8762
12.0955,12.8568
22.6571,5.2806
22.3282,5.3519
17.4844,25.5735
20.5089,19.2945
19.7476,19.1013
25.8035,6.1937
4.7378,10.6833
18.0042,25.8012
8.4086,20.6354
10.1773,24.7271
25.4194,26.6568
27.2732,19.5176
10.7776,24.4902
20.1777,20.0213
15.4719,26.8868
14.7658,8.7237
27.3698,10.2279
25.263,5.3082
15.0924,15.9894
12.6337,21.8176
7.9095,9.0066
5.3565,27.1145
26.0749,22.4961
4.8827,10.2486
8.6271,11.8379
24.6305,6.8354
4.5653,10.566
27.2824,17.1394
9.715,9.9151
9.7909,9.1561
6.9688,27.563
21.1161,19.5544
28.7268,26.7212
21.6865,12.0403
23.262,24.7524
28.092,22.8411
10.5384,8.1648
17.0336,25.3665
13.2593,27.5952
5.6233,19.8304
27.3445,11.2123
27.0317,14.4323
16.799,15.6168
14.2368,8.9537
17.3027,13.6388
23.1677,12.3209
22.1994,11.6861
25.2492,5.6486
7.5668,20.5986
10.842,14.0896
11.5665,8.9905
21.8406,7.001
27.0179,10.6166
9.9289,24.7915
15.3822,21.7624
27.2548,20.8562
9.3999,23.6622
27.6228,15.2741
16.8956,11.1065
7.4564,11.325
5.4393,19.6602
14.0068,28.3795
10.2762,24.6512
17.7328,11.6562
25.4953,24.9893
9.1584,10.8535
10.474,7.9302
25.1894,5.4991
8.059,14.476
16.1918,21.468
25.0238,6.2742
9.3884,15.2672
20.0857,6.1937
21.813,7.0953
5.4623,19.306
17.5948,11.3848
21.5646,20.4031
25.3136,28.0115
23.2482,9.738
22.4547,6.2811
27.1352,18.3906
14.3242,26.6568
27.9264,10.7109
14.982,21.0034
8.7168,14.2437
6.4398,27.1329
15.7525,9.738
21.5025,5.4853
27.1214,18.2595
9.2136,13.7607
5.2714,9.2826
11.6907,14.4438
22.9423,17.213
24.9571,15.0303
8.7766,14.7336
16.2401,21.6934
10.819,24.8168
27.379,17.9076
4.5998,26.3762
15.6007,18.9518
10.4924,14.5266
15.5846,22.5053
27.3445,6.4697
26.5694,9.2274
11.7275,7.484
19.3313,19.6372
22.273,11.9322
23.8577,11.8126
21.5761,7.8773
11.7735,8.1878
13.8297,18.9058
23.0918,15.3592
14.6738,27.7746
9.2596,24.2211
22.8572,9.1607
9.4712,24.7915
16.4126,9.7656
24.5914,5.8004
15.0372,9.554
23.722,7.9049
25.102,25.3205
5.1334,20.7734
25.5137,6.357
17.4062,25.9024
14.384,9.9542
9.8783,19.5567
6.2604,26.6361
28.5014,21.9326
27.8666,29.2903
5.6463,18.9334
26.4084,21.5577
12.291,21.1368
27.0432,21.9487
24.8996,27.3928
11.4745,13.1673
9.4505,22.1787
18.5378,25.5252
14.6968,21.8751
25.4999,5.6739
25.9116,14.1609
26.7718,5.5336
24.9088,24.9295
4.057,21.4519
20.8608,18.4711
17.3441,25.9898
16.4149,14.8532
15.9986,22.802
21.4519,26.85
23.3218,12.659
26.4084,12.6866
15.7571,15.258
9.1722,10.5729
14.4254,27.8022
16.8197,12.1162
9.508,23.8439
14.729,27.4756
27.8689,21.7693
27.1421,21.7877
21.6865,12.2335
27.7447,10.9708
23.1332,8.1395
13.9953,26.8615
19.9385,18.1284
10.451,6.84
6.7388,17.2337
5.5474,10.2647
22.5835,26.4222
12.2059,21.5899
9.4781,14.5979
23.1654,15.2948
15.4811,9.5816
8.7375,15.1407
20.2375,19.3405
15.9756,10.1865
15.2051,14.039
24.389,8.8042
6.1983,27.103
22.3673,13.2616
6.3179,27.7286
24.6535,6.2443
18.041,25.7575
10.129,14.4852
17.6546,25.6287
12.1415,15.4742
11.2031,20.6722
11.1157,13.2869
25.7322,15.6881
24.2119,8.6156
27.563,16.9324
22.0683,17.2797
10.7546,8.1694
22.1189,15.8284
5.9223,16.9899
25.6701,27.126
13.9792,17.4729
24.2234,7.5461
17.1969,14.9521
13.4686,18.892
16.7139,11.5849
5.4692,10.0094
26.4245,14.9176
11.946,15.0188
7.7094,14.637
5.8993,27.2824
9.3608,20.9551
27.0064,18.179
13.4686,26.9489
15.7042,22.8664
8.1372,10.3015
9.6368,8.1947
25.1411,27.0064
5.276,17.2475
13.0592,28.0368
24.9065,26.6867
14.9406,14.5013
7.2264,28.4278
15.603,16.9301
22.0637,27.8965
27.8942,10.4786
25.5804,15.4167
15.5984,9.8553
27.2686,17.834
23.4529,9.1998
25.6103,13.9378
13.2409,26.8707
12.6245,19.3405
10.6787,23.9934
6.3455,20.0834
7.3414,16.8197
14.4783,21.7647
10.1796,22.3167
22.4133,8.4132
24.1866,9.1814
5.6256,21.2702
24.0325,26.4337
5.4899,10.7086
9.3102,11.6539
16.6679,14.5841
21.9142,15.9963
12.5118,8.933
5.4531,20.7067
24.9134,24.6052
25.3389,27.8574
15.6352,21.3944
13.7423,25.1411
21.6336,12.2312
20.6837,20.3916
17.7558,26.0266
5.5773,9.5034
8.7674,15.2534
26.5487,21.4795
21.6175,27.5538
8.8732,15.2258
12.4428,21.8636
27.5124,17.0313
24.6052,27.655
24.8858,14.3196
13.8136,9.5655
26.5119,22.5099
7.8267,15.35
24.2257,16.0354
16.3528,9.8783
27.0386,10.037
7.691,11.969
25.7092,15.0119
22.6203,8.9169
5.2116,27.6941
7.8106,11.3227
28.621,16.4632
8.2315,20.9505
11.5849,9.7656
22.8963,11.7505
27.9862,17.3602
25.1687,29.1247
15.971,9.623
20.7849,27.5446
12.774,14.4231
6.1155,16.8772
25.2538,5.5727
14.6945,8.6938
5.0253,18.156
9.8185,14.6715
10.0002,24.0486
17.8708,25.2676
17.4637,10.8213
5.4669,17.7489
8.4316,15.2994
4.0271,27.2755
11.1594,21.445
5.4531,17.4154
5.9821,9.4137
25.8886,15.2695
22.2431,5.3795
5.897,29.2558
16.6932,10.5361
11.4055,14.6439
12.222,21.5393
14.5519,21.9878
10.9455,14.8854
22.6617,6.4421
19.2715,18.4504
18.0272,11.9621
23.354,7.7577
24.435,8.5811
13.4709,27.3031
5.4876,10.7247
8.1809,15.7571
22.9837,15.8974
4.5676,27.9172
16.2378,13.8435
16.5943,15.511
15.4949,15.3385
9.669,20.2674
15.5938,15.0487
5.7935,10.6005
24.6397,24.251
4.5561,28.4784
18.2457,13.0201
22.3236,8.1556
12.6935,20.732
5.5198,10.1681
7.806,11.4975
4.3192,20.1708
24.6075,24.6029
16.6863,13.8642
7.5277,10.6994
21.4519,3.8776
22.6985,16.7001
8.6639,15.1913
13.7262,19.8465
28.4117,18.1192
22.2891,11.9874
11.1571,9.8783
26.9098,8.2798
11.6631,8.2039
4.9172,20.7688
26.1646,15.9687
24.3637,26.8707
12.2542,15.0901
15.6881,26.9742
22.0936,6.1063
15.8008,14.2437
15.603,16.1619
11.2836,13.8159
6.1523,18.9058
26.6522,14.2115
13.2639,21.6405
4.3376,27.3077
22.8641,13.142
21.5416,16.1021
17.8041,11.7022
5.3588,19.7062
22.6893,9.2136
11.8816,9.2872
21.3852,19.5659
26.4567,29.012
23.7956,12.9327
8.4155,9.7633
22.1695,5.7728
4.8574,9.7219
13.9631,27.5032
9.6069,25.0698
16.2723,9.1032
16.2079,9.3884
14.9314,9.9887
14.223,18.0019
10.9225,15.0993
19.6211,19.1266
26.5165,22.5467
17.7995,14.1218
25.6632,23.9773
16.4954,9.3907
25.2722,6.8676
24.8421,9.3861
18.5171,9.876
15.6398,11.2284
4.9839,19.5705
22.4432,14.5703
16.4356,23.4874
8.2315,20.6768
10.9064,7.2655
9.0388,15.6697
5.7498,17.0014
21.5922,26.873
12.4037,14.4093
11.1134,7.2264
20.4077,27.678
18.3607,26.3762
8.7904,14.4208
17.466,15.1936
22.2569,5.9798
24.3039,15.4903
25.4332,25.4953
15.6467,21.1575
21.3392,5.7406
9.301,16.2976
16.8059,11.1318
5.5566,20.3778
13.8458,19.3543
25.539,6.3777
8.8088,16.1159
26.6361,9.784
5.4899,10.957
26.6821,22.9722
21.9556,16.0653
22.5674,13.0707
10.0117,24.0394
4.6527,9.4068
23.1447,14.9705
24.6328,5.3473
25.1825,26.3578
24.9824,14.9774
20.5227,19.4578
28.2898,17.9536
12.8844,22.0706
20.18,21.3277
26.6223,10.2762
5.9269,26.9374
6.0695,9.669
24.8329,16.0377
18.3653,12.0633
26.9282,11.3917
26.8224,5.667
17.9421,11.8057
8.6754,19.7982
11.6033,19.4785
21.1506,28.1633
27.3077,9.2964
9.2757,14.9061
24.5316,23.8071
16.615,12.0702
16.0676,10.8121
24.8536,24.9525
23.9175,12.9258
14.4484,17.7811
21.9602,8.3764
8.8042,22.2707
8.9491,9.7863
20.4514,27.2134
11.0904,14.6163
26.6246,18.0847
18.1422,11.9966
18.5125,11.8425
25.5252,21.5439
22.3581,11.6424
14.8716,17.9076
4.8045,21.1989
17.3694,25.1043
22.5904,8.4201
10.4993,8.9307
26.0473,13.2018
16.4287,25.2883
22.3397,16.0078
16.224,14.5174
25.8886,14.1954
23.3931,16.4655
25.7989,14.6715
22.0315,12.2726
5.4968,16.1826
26.7074,15.1568
22.4455,11.9138
6.0672,19.8695
8.4201,19.6993
9.0756,9.3723
26.8201,18.823
4.3192,16.661
6.1247,20.088
27.0455,22.5789
21.5485,26.9213
28.6486,16.5667
23.2206,6.8515
17.8961,11.8057
11.21,14.2874
9.1538,21.7509
5.7912,19.7499
22.4938,11.4699
11.1778,14.3702
7.3966,15.8928
24.9571,28.4646
28.046,18.0456
13.924,19.3888
20.9988,27.1329
15.5915,9.3033
7.5645,15.9089
24.0486,25.4286
7.645,14.9452
9.1814,25.3895
14.8003,22.2086
10.9892,9.5747
16.5575,11.3388
27.126,20.7527
22.9377,16.6817
9.1515,15.5616
25.7736,27.4549
24.9318,23.8623
15.1476,26.3417
7.7416,15.3707
19.6763,19.8626
21.7325,26.5901
17.1187,10.4602
15.5823,13.8297
8.6455,16.5483
27.2525,21.8613
24.8375,5.4416
4.0708,10.5844
15.4466,26.4107
17.4913,10.428
5.5566,27.0041
11.5182,15.2626
27.3537,21.5945
23.5794,16.8703
14.4622,19.5912
8.9169,19.8419
20.364,18.2457
26.7373,4.4756
14.0804,27.5331
5.8533,16.4103
25.7897,17.7328
8.1602,20.7389
24.0509,9.324
4.8965,9.1515
28.2622,18.8943
14.2138,27.5331
27.1398,16.4471
5.9016,20.1225
21.5853,16.3551
8.7559,21.7716
4.1329,28.3266
7.8428,14.4507
9.7886,24.5592
11.8402,9.0135
28.1035,21.3898
22.4432,4.0892
16.3114,14.9521
26.7925,14.2345
22.1603,28.483
6.1592,21.0908
15.3546,19.1772
14.3587,26.7994
25.7414,28.1334
11.4906,21.7026
25.4401,24.4189
4.54,9.278
7.944,13.0891
14.2368,26.9742
26.6453,15.3546
15.8629,18.0272
7.4311,18.3331
27.6389,14.4967
22.9584,15.0786
8.5489,21.6405
15.8629,14.7635
28.2346,10.4165
18.0364,25.7552
26.0565,17.1831
22.3075,26.2497
5.138,16.615
27.5216,16.5345
8.3603,16.7024
8.1073,22.1235
17.144,26.1393
27.3445,9.3769
24.665,23.239
19.7016,17.9766
12.6613,26.5349
4.1904,21.2265
8.3787,14.6278
9.1584,20.9436
20.6814,26.8477
11.762,13.9447
9.1745,14.7888
15.2465,22.1695
27.4687,15.6329
26.6752,22.0959
23.5656,8.7375
25.562,15.1476
10.0784,21.9855
23.8485,28.0069
4.7033,9.3608
25.8748,6.5456
15.5547,21.9096
14.4691,25.2446
11.9345,8.4362
25.2952,27.057
4.793,20.364
14.5358,22.388
14.4116,9.485
14.2897,16.8427
6.081,10.1612
9.5563,14.9061
12.7027,19.559
9.2274,14.8233
20.5296,27.6228
26.0956,10.3751
6.2006,20.1892
20.9758,19.0944
22.6686,11.7321
24.3407,23.5886
15.7479,22.6985
14.4921,21.5531
4.9724,20.0167
7.8175,8.6938
4.6251,27.8045
13.0753,28.7199
15.9641,15.0694
8.5029,9.1791
7.2103,11.1249
24.435,24.297
4.8091,9.6529
12.222,14.6623
9.0802,21.5347
26.7005,16.9232
4.7677,20.5503
17.9191,25.4401
26.3877,9.6989
15.0487,22.5398
27.1628,16.73
19.7867,20.5963
12.0794,8.5328
24.228,27.1076
4.6159,10.1152
24.7984,27.4687
14.2391,19.5521
19.536,20.0581
27.31,9.3401
6.8906,16.0952
25.8242,14.6485
15.2534,20.9712
22.3719,11.7413
14.7451,24.9019
22.2707,5.5773
17.2038,11.7689
24.0946,27.0938
18.8184,25.0537
28.0161,16.8726
6.0304,20.1501
11.6447,15.5271
22.2086,5.5221
11.4814,24.4327
9.8024,23.9704
8.9514,14.6347
9.5103,25.9369
4.4756,20.2766
21.8268,26.7649
6.7802,16.983
21.5117,27.9517
17.8018,26.7097
13.5468,18.8805
10.2233,13.4893
26.7718,10.267
26.2175,21.5738
9.9197,20.4928
22.5421,9.6506
23.3609,5.6601
7.7945,10.8995
11.9989,13.6756
12.4152,21.9395
18.0801,26.0887
22.0315,11.5297
11.5297,14.0528
26.9029,14.6439
23.9842,8.6984
15.9503,13.7331
15.8169,21.7762
21.583,3.7925
9.393,23.239
18.3952,24.6719
21.7831,26.7511
13.901,25.7368
11.1778,14.1839
18.5332,27.0064
4.701,9.8783
16.5874,22.4708
21.6589,5.4646
22.9791,11.5803
22.7491,16.6909
28.0,10.8903
10.175,25.1779
24.2717,27.6274
23.3747,28.3703
20.042,20.1915
26.8224,22.4156
16.431,15.5317
19.3957,21.2173
7.8888,15.1039
21.0241,27.0294
26.4061,14.5312
12.774,21.7049
5.0828,17.7834
4.0662,9.8415
20.5135,19.3405
16.5897,26.1462
20.3456,19.0553
27.0478,10.2854
9.071,10.2187
18.0479,26.1669
16.7415,11.8793
15.1269,21.6566
9.5839,25.4516
23.0619,16.1826
17.0727,14.3242
11.003,24.2372
18.2365,11.7666
18.2894,26.7166
11.4055,15.5892
26.6614,15.7088
27.1375,10.9432
23.2436,13.487
8.3005,21.2426
16.4793,14.9981
27.7976,18.2917
15.3868,26.2612
27.1306,6.9573
11.2767,13.2064
22.5099,12.1093
20.8723,28.3082
11.8264,14.3656
5.6394,17.9766
13.9125,10.6741
7.7462,15.2833
5.2599,27.9471
14.5634,7.2057
7.1321,19.7384
10.4142,24.5201
9.922,23.7059
23.2022,16.4287
27.7056,18.7379
26.5648,21.1506
7.8681,19.4348
11.6378,8.9629
28.6693,17.4775
23.078,16.0699
12.1323,20.9252
27.7263,22.5467
8.6892,9.7219
5.0506,27.5699
10.7408,14.5588
25.5367,27.8045
22.4248,7.6542
15.8629,23.6714
16.5621,9.5034
5.092,27.5538
9.6874,15.4236
6.1201,9.4137
28.2139,18.133
10.5522,22.9055
10.7086,15.4696
22.5812,5.0437
15.6421,8.8663
20.6377,19.3934
26.367,10.3268
21.5347,5.2714
11.762,13.4732
26.482,9.6644
7.6611,10.7592
25.0215,6.564
11.1111,20.8286
22.7399,11.5044
18.9288,19.2853
26.275,5.5888
22.7652,12.7142
21.1368,28.2576
23.0205,5.2093
16.9853,25.3918
11.3066,21.399
9.9634,7.8497
11.4446,13.0132
22.7606,11.4193
23.7266,26.1094
9.6943,23.1999
13.4088,27.1513
9.4528,24.5615
23.2321,15.0257
6.1132,16.0446
26.2221,21.675
24.2855,24.2694
22.5559,16.73
25.7713,23.0297
6.1891,18.1169
6.2144,11.6723
9.2941,15.143
20.824,27.954
13.9562,19.5935
13.5422,20.5457
26.7051,20.7803
4.5676,19.9776
22.6801,4.5492
21.123,19.1059
7.8014,22.0361
27.2157,23.9359
21.1322,20.8033
22.2523,7.599
20.1478,18.3768
22.4754,15.3063
22.7123,12.0771
6.2052,15.6674
15.1844,9.7311
25.7161,5.5152
24.1222,24.6926
20.3525,21.1966
21.2541,5.5934
12.0357,7.5116
26.4245,10.2923
15.8353,21.6865
14.0689,19.4233
23.3057,8.0613
3.9328,26.7189
13.3927,17.2521
26.3118,14.5427
6.2673,18.7494
18.0709,24.9502
21.1115,27.2065
16.661,16.3896
9.1147,21.5784
16.4103,14.3909
11.5481,21.9809
23.2781,9.0227
17.512,26.0036
4.4457,27.3008
24.4626,9.0089
8.9215,21.2863
26.0634,14.7336
23.745,9.0848
23.0481,16.5184
13.4801,27.5791
18.1445,26.0887
28.1495,18.156
12.4152,9.8875
27.1881,17.6339
15.8721,12.8867
8.2729,11.1157
10.9018,9.2573
7.783,14.775
26.0887,15.8997
9.4597,21.0471
28.1817,10.8673
11.3825,8.4086
20.6837,19.8695
20.3709,10.9524
22.687,10.8949
14.6807,25.7828
21.7555,15.4144
23.2114,8.4109
23.607,12.1553
24.9548,28.7107
8.772,20.778
11.9644,14.2322
18.6298,19.8051
13.8596,18.0525
6.0465,17.5051
8.611,21.5255
27.7194,13.7998
5.8418,27.4595
17.3924,14.6232
6.6767,15.7387
5.5888,16.3114
6.5525,26.9374
16.2148,8.3258
24.32,28.0989
9.5563,15.6927
14.1448,17.9214
24.665,23.6208
24.6903,24.0325
21.5485,27.747
21.7785,7.1482
23.0159,5.9131
8.1119,21.7785
24.8766,4.4664
25.1135,22.2385
22.9308,13.2455
11.6884,15.0119
26.9351,21.9096
4.563,10.7086
27.2663,11.4952
23.3586,9.9243
4.6665,20.4514
15.1729,9.4965
16.0607,9.1584
17.6868,11.4354
9.8162,23.8945
11.3526,23.5058
5.2737,10.98
8.6317,21.1184
14.9314,22.181
5.8073,11.3227
3.9742,10.1819
23.4299,25.0652
26.5441,17.3441
18.4343,12.4474
25.6103,7.6197
18.6896,25.5206
11.9805,21.1069
3.7488,26.0611
12.36,20.5779
6.6882,16.2424
5.5244,20.4353
27.1513,17.236
23.2252,29.2466
20.4813,19.0162
19.9017,26.2589
27.8942,16.9209
10.7753,21.7808
16.1205,8.9905
4.7286,19.2761
27.9287,10.9938
13.7538,27.9471
14.3909,21.7141
13.1052,19.4624
6.2121,17.9582
5.0621,20.1478
26.9006,21.261
15.442,8.0222
26.9857,10.5453
21.7072,15.5754
19.7246,19.8971
10.589,14.1379
13.1466,19.1312
8.45,20.9804
16.3804,15.0372
26.4843,23.7105
4.3422,11.5504
18.0847,25.8288
8.5351,22.0315
12.337,8.2614
11.9161,8.2246
21.8544,11.164
26.3118,16.2907
5.6808,27.9379
18.5194,24.7731
8.3189,9.0365
25.4838,7.0148
13.6963,18.7977
21.7072,15.4374
8.8341,15.0855
28.1173,17.7259
5.3174,18.8092
21.2633,19.6096
26.39,7.0401
11.946,6.8607
26.6131,11.5734
8.4592,10.3337
4.9632,20.1248
5.4117,19.3405
7.4679,15.0625
14.0919,26.5947
26.9259,15.5639
25.2653,6.2466
25.9944,23.9796
27.4181,21.5715
24.7938,28.7429
26.4015,24.6006
8.0268,20.3249
19.7798,20.1915
27.6757,9.5816
14.6232,26.2865
15.7042,22.1419
27.1168,5.6946
5.1909,16.1458
6.6008,27.8275
25.2377,9.7081
8.6133,14.0459
12.1461,7.7554
15.4903,21.3415
12.6291,20.134
6.1109,10.6695
12.6222,21.6175
8.8157,16.1021
7.8359,9.4965
5.5681,21.0333
8.0475,20.0328
3.6499,20.364
15.3132,22.3558
9.9611,24.4396
8.9813,9.7127
27.9632,16.0469
7.0493,16.224
6.3018,15.7893
7.9624,16.04
22.9492,14.7543
20.1777,19.1933
27.0662,16.6311
23.0527,5.1702
17.6086,11.7206
5.897,28.5336
8.6593,21.0011
21.6589,5.8602
21.0655,27.7194
7.9233,10.4004
25.9599,28.5796
26.3095,15.8422
7.3966,16.1987
16.845,10.6672
8.9008,16.017
11.7321,7.7577
11.7919,8.0613
16.4172,9.14
23.1953,8.6018
14.7842,18.2319
26.321,10.5407
11.6769,21.4151
9.8484,23.8393
25.2032,28.3381
16.27,14.8532
8.1717,9.0687
27.0478,10.4809
21.5301,27.517
15.2557,21.2265
18.0824,27.6665
16.5644,21.0103
27.5883,22.0154
27.2824,21.4749
22.5375,15.9664
23.8209,8.1464
10.6051,6.9044
13.6273,18.4987
24.0785,5.6693
10.5499,23.9474
13.717,18.7103
5.7222,10.5177
22.9147,7.8152
16.3045,10.8765
16.5713,15.2764
23.2873,23.1148
13.7975,21.3392
21.8774,5.2231
10.8949,9.9036
16.2171,25.4562
5.7406,22.066
26.7143,21.8613
6.4237,17.4706
26.6729,17.3441
19.5567,19.0599
5.4117,11.0053
7.5116,22.5421
23.2114,7.967
15.1269,20.4468
27.6136,9.7426
22.1672,26.9926
4.954,8.9307
23.2321,17.7926
25.9944,16.6863
22.227,15.028
15.2695,18.8069
11.9966,7.7669
23.7772,9.6345
4.931,20.0305
27.4135,22.3443
7.2701,20.0558
5.2369,9.0848
27.0846,17.075
24.067,16.6058
23.9451,10.2923
24.4649,7.2471
10.7155,23.0527
14.9452,8.7697
22.5352,5.8878
27.4986,10.4234
20.6975,19.8258
5.6555,10.2969
5.4761,16.9186
16.1297,22.1419
23.952,17.282
12.5486,13.9585
4.8781,9.5425
10.1405,23.2942
26.6154,11.6355
16.6104,20.9459
25.5321,10.566
16.2171,14.9958
15.4466,14.9981
22.2569,5.8441
11.4078,9.1285
11.7551,23.9796
14.3909,22.1925
25.2009,24.711
11.1134,21.4335
16.0952,14.3633
15.8974,21.4841
11.7459,15.166
4.2042,20.9942
27.0593,21.629
24.8375,6.7871
10.1796,7.9578
8.6938,21.0011
25.7598,9.3907
25.677,17.9214
23.0343,16.7691
26.7051,10.3406
15.5961,25.0813
25.5436,5.9844
8.1625,10.474
21.2794,27.6389
8.9905,10.8006
9.2435,10.6212
25.2446,5.9591
6.3248,19.9684
8.7927,10.0876
26.9305,22.4064
26.5855,6.8423
10.7822,23.3402
11.0766,9.025
4.7976,9.6897
22.8871,16.8542
24.849,27.5837
11.3319,8.0452
5.552,15.557
6.5134,21.4151
5.8901,16.9393
25.6862,23.1999
21.7371,5.3979
24.0394,24.6765
13.3536,26.3026
11.2169,22.2454
4.816,17.0037
11.5527,13.8734
21.767,6.2696
14.7359,27.5722
13.7262,18.3699
13.464,18.4964
5.322,19.5705
14.6324,8.5857
5.7406,15.9641
18.1008,11.3641
15.0809,22.6709
4.6274,28.9177
22.6249,15.419
27.0478,17.8271
27.4296,9.7426
12.3807,13.5951
9.4045,16.2194
8.4086,15.7893
22.8572,7.9302
21.8153,5.2323
16.2171,15.0303
7.6726,22.1212
24.4787,17.9421
4.7723,19.8373
9.4689,23.4667
5.1173,16.7461
8.8318,21.6129
16.1343,21.1414
11.9943,8.7858
14.8854,26.9443
14.5105,16.8519
11.3595,14.3817
24.8536,5.5152
5.8441,17.3993
21.7739,4.0938
15.5179,18.5286
14.9153,18.1008
21.6405,28.5359
26.2612,22.4294
21.3185,5.9177
25.8679,22.0039
17.3303,26.1738
18.1123,26.5257
17.9858,11.5067
4.6872,11.7666
23.5955,5.3795
14.062,18.7701
16.4425,12.935
18.9403,11.6999
6.2144,9.8277
16.7116,26.2106
8.5098,22.0315
7.4035,20.1777
27.0961,17.3671
21.2541,22.0591
18.8276,19.4279
11.0099,24.4534
25.7943,28.4807
22.5007,5.3381
6.1845,27.9356
4.5929,8.9054
24.6052,14.9958
23.9543,11.5849
15.7594,9.6828
25.953,26.1692
15.6122,11.8816
10.9041,24.0095
23.9842,23.3839
3.9604,21.5669
15.9595,10.0186
20.3502,20.0949
12.6751,7.4955
13.0454,19.0346
22.1672,10.8006
5.5911,28.6877
10.1313,25.0284
10.819,23.8324
20.3847,19.1197
12.5164,17.8248
25.7506,27.0731
5.7935,17.4499
14.6485,18.7724
23.1838,5.7314
11.1755,25.9967
26.1485,10.6166
27.0432,9.6
24.8007,4.4158
17.2061,24.5753
18.1606,12.5486
10.6258,24.2096
11.0214,21.6589
26.5073,14.9268
14.0459,26.3463
21.8107,27.333
15.1637,19.3704
18.4803,12.0955
14.2598,26.0105
27.2433,12.5624
15.8008,21.5738
13.1995,16.9186
7.806,22.0729
26.965,15.0717
26.0312,10.06
14.0919,26.0703
10.6741,8.4684
15.4742,21.9694
18.8184,26.8086
8.8019,11.3342
10.474,8.588
16.6196,13.7768
19.3635,11.6286
4.9034,26.8017
15.1246,9.7978
11.7413,22.1488
27.2387,22.3006
25.5482,5.7107
4.8482,9.3102
14.8233,26.2842
13.2386,19.5958
25.4171,27.1099
24.4005,27.6872
24.0555,16.5621
10.6741,14.2184
25.5045,24.5247
23.2091,8.8939
26.6292,16.3804
24.6581,25.861
22.5398,8.1211
26.8707,10.3475
22.7077,15.3845
20.6607,26.7902
26.1853,23.7795
13.487,22.089
6.3616,27.5584
24.8996,24.5868
8.9836,9.7104
16.7392,11.0306
10.083,24.1015
5.5152,27.747
12.8085,26.574
17.1348,10.2601
16.9692,14.7612
13.1627,26.8454
12.2404,21.2472
11.0122,25.3412
18.5378,11.6516
25.4976,25.1802
17.5235,25.5919
26.551,17.6247
26.873,10.3613
21.4772,27.4848
8.8916,14.6968
16.086,14.8785
21.8866,8.9652
14.6692,20.8608
22.8963,16.2585
25.5597,26.9328
9.5333,24.8697
21.1805,26.8638
10.0439,24.3936
22.9032,11.5274
25.3711,28.2898
25.1158,6.1914
25.7943,13.947
18.2963,25.3826
21.3346,20.3134
21.859,4.8827
8.1648,10.3061
25.7184,22.4915
8.5949,15.2028
5.4324,27.5009
27.6596,16.8726
22.135,5.9821
11.8356,15.4719
22.894,15.2833
9.6368,21.6888
12.1553,14.4047
4.1076,10.7132
11.5987,20.8263
25.2998,13.5905
27.2617,20.0374
4.7424,20.41
24.1268,7.8175
25.9415,23.883
26.252,18.4389
26.1347,5.0161
16.8749,11.5182
25.6195,29.8538
21.2679,19.1979
7.668,20.3916
15.6766,22.3811
4.8344,27.0524
4.8068,8.1395
8.9859,19.1082
18.3055,25.0169
5.0552,18.2365
24.1498,24.6788
11.0812,8.4523
17.6822,24.6949
16.6564,9.9243
10.5476,23.6208
5.3473,20.3893
11.3664,20.9275
9.209,11.0467
24.7593,24.366
22.963,4.5193
8.8456,11.5619
24.3338,5.1679
26.4498,6.6997
26.7051,11.9782
26.5119,27.8436
16.1067,14.4208
21.0402,19.1887
24.6696,8.2039
19.0277,25.9691
6.1316,9.3102
8.9215,10.0577
21.1805,19.2531
23.2321,12.0426
6.2673,10.819
17.0842,25.424
26.3095,14.5404
7.6979,10.1405
21.6083,7.2655
25.4286,6.2834
22.3259,7.8635
5.2254,28.5014
10.4579,13.5376
23.3218,22.9584
14.9314,7.9095
11.9713,8.1694
26.321,22.0292
4.6458,27.6711
10.9478,15.9388
26.8891,17.0428
14.9958,21.8866
21.8475,6.7549
23.9359,23.8347
24.9249,13.7607
9.0733,8.9307
8.933,13.9286
5.7935,17.8478
9.485,22.9354
18.6275,25.3826
16.7714,11.3871
27.885,16.4747
25.2262,27.5193
26.6085,18.4205
12.912,13.878
26.6292,22.1626
17.9076,24.964
16.0768,17.0313
25.5114,28.9407
24.1498,8.7904
26.1416,28.5451
22.457,11.3158
20.2053,27.6596
9.2343,21.4611
4.3905,27.8252
15.6536,13.4456
25.4562,6.702
26.39,13.8021
21.2081,4.8758
7.8359,22.7031
26.0772,24.9088
13.4801,21.077
24.0785,15.2833
27.7884,18.3492
17.7328,11.21
22.0683,12.2864
19.8833,18.8529
24.4649,5.7521
24.8076,8.2223
12.9051,25.7805
17.3694,11.5596
21.8659,6.0028
14.3426,19.7062
19.8971,19.3244
26.3946,16.7967
24.297,23.975
27.7378,16.9278
18.4366,26.9558
5.8924,10.6465
26.6062,18.2963
8.9514,11.0628
7.9509,20.6975
23.8945,24.9916
26.0243,7.5576
10.5315,24.9571
5.069,10.8397
12.0587,7.7347
21.8843,16.0285
19.7821,20.2237
21.905,12.4359
9.0825,22.135
8.8295,10.4648
25.1618,6.3064
26.1577,9.5632
14.1379,18.9909
8.2614,15.2465
10.8374,14.2989
12.8177,14.7014
22.7514,11.2008
26.8201,19.0576
7.9923,19.4601
6.6974,20.0121
17.8432,25.9622
24.7708,6.7572
5.4462,29.2742
4.2962,20.9275
20.8999,27.8873
22.3558,16.224
12.4221,20.8056
5.7613,19.5889
4.1605,10.0416
21.054,28.5819
24.412,27.4043
14.7727,26.4866
9.0526,22.1511
4.3284,26.9972
26.068,14.4392
11.785,14.7888
18.6091,25.4884
21.1506,27.5722
25.746,11.4331
5.5474,10.2233
12.0403,7.8911
25.217,7.7531
4.3376,19.7821
22.6318,10.7615
12.0426,21.215
11.7436,13.8964
16.7944,14.453
14.66,9.6989
26.5372,23.3103
25.6862,27.7378
21.0908,26.436
21.7003,27.2571
25.9139,23.2183
24.6236,5.6877
24.3039,4.8827
10.4924,8.8686
28.1518,10.5453
24.7478,7.783
4.7309,26.7304
17.9007,14.3127
24.3545,24.4028
6.3869,27.2364
17.4568,14.2759
10.8213,20.6561
22.1557,11.4308
11.0628,21.422
11.3641,15.1913
9.5954,9.1469
22.3811,15.9434
25.8794,15.0211
18.8759,25.3987
24.8191,6.1316
16.9048,13.8964
14.1839,26.3417
24.1935,8.6018
26.6246,21.2403
7.5576,20.1616
7.8704,16.086
16.4931,9.3056
6.4444,16.2033
5.644,28.0621
11.1134,22.0821
10.3452,24.2947
15.4397,14.7842
25.6931,15.4443
26.4084,15.2212
22.1695,5.3703
6.2075,15.6697
14.5657,23.1976
7.5461,10.7178
6.8492,28.3956
23.8025,26.9719
15.4489,20.9597
27.4043,17.0865
21.997,10.0048
10.1681,9.0802
16.6265,15.0855
21.3783,11.8586
15.9871,9.8139
5.2875,10.1497
20.7849,20.4767
13.1742,27.0156
24.0555,24.3729
22.0062,11.5826
27.6021,18.9288
15.0556,9.4896
16.7875,16.0653
20.3502,19.6694
14.8532,8.9238
15.8215,22.1373
11.0329,7.3391
25.4194,14.4622
6.0879,16.1205
4.3974,10.3866
15.5662,22.6916
19.3865,20.4192
25.1434,23.7036
22.8066,27.8321
27.0708,10.8144
22.8572,16.2033
24.5431,28.6923
27.7332,16.9968
27.3606,24.0371
14.1632,18.7816
13.2501,26.5096
12.0909,15.1476
24.435,27.8137
16.3206,12.0679
15.5409,9.347
24.0049,23.9129
15.6306,9.2182
26.0105,6.8377
21.8222,10.9639
14.2115,25.9898
21.7302,26.0588
21.8774,27.241
23.2712,12.3209
11.6056,14.66
5.2323,10.198
21.7187,12.2818
5.7337,20.502
14.1586,25.5413
26.7074,13.8573
27.0386,15.8077
18.2388,11.4676
22.4064,12.5371
11.8103,8.2269
27.0869,9.3033
24.8191,24.9778
22.3213,9.0112
16.0193,25.7368
15.879,20.4192
8.4914,10.2233
14.3587,26.0542
9.6023,9.0526
19.7775,18.8828
25.2607,27.3514
13.855,26.6223
20.686,27.7884
7.2448,15.0096
17.4384,12.2128
14.8601,22.2891
15.5018,20.7596
23.5472,8.9767
24.6581,5.9936
21.1667,26.5165
12.498,14.5036
15.1292,23.0343
21.8199,5.8234
8.5834,21.8636
5.8878,16.3781
10.4441,24.0785
26.1462,15.0786
15.7318,22.4915
25.3021,24.5201
7.898,10.2049
6.0741,17.696
14.3679,25.861
18.3837,24.6167
24.0946,24.4672
19.9339,27.9149
21.6014,20.4905
14.5818,23.2758
22.963,15.9802
20.2973,19.053
10.4027,23.6553
5.115,19.7499
5.184,20.5963
15.7594,8.4017
23.4483,12.1691
16.6886,14.7198
24.3752,24.4787
24.9341,28.2507
17.1992,12.5969
26.2543,10.3314
11.6171,15.718
6.6537,17.0198
14.5887,10.2279
5.1311,16.6817
24.6972,24.5523
14.568,25.7483
11.9575,14.5289
16.3551,9.9703
12.3002,8.6248
6.3455,16.8772
14.9521,20.41
11.3664,23.8531
8.6041,21.3622
11.2284,14.6531
22.365,11.8701
20.203,19.9592
13.1765,14.6922
26.114,21.3047
29.5939,9.738
25.6678,23.6599
12.8338,18.2204
22.802,27.3836
16.0216,9.6667
16.2838,22.4271
11.9759,20.8769
27.3238,20.5319
23.2206,26.8247
16.6334,13.4295
24.2487,27.5078
27.3514,20.5894
8.1671,15.3362
8.6639,15.8514
26.4084,14.6163
10.5752,8.5903
11.2537,20.6446
25.1204,4.6504
22.6157,11.8517
23.5127,8.1073
27.6159,22.319
23.1953,15.7824
9.8829,8.772
17.3349,15.1798
14.9291,23.4138
26.0772,28.7268
24.2096,16.1205
27.1375,22.4524
22.5191,11.2744
22.1465,8.4339
11.7022,8.289
10.5476,14.0666
17.8731,15.143
25.8081,9.4574
13.4111,21.8889
11.647,9.163
15.2925,16.4195
22.7951,15.5386
21.9717,27.4342
9.9082,24.849
5.0345,27.6366
12.8315,22.0223
15.373,19.4371
27.0225,22.4984
6.4214,20.571
4.7447,26.8132
9.209,14.8049
5.644,10.6327
16.1527,14.1218
22.3903,11.2629
4.6619,10.4648
27.4549,17.4959
25.4378,27.5952
10.3958,23.4368
21.7808,27.8735
16.3459,8.5696
11.5274,15.1131
14.4806,27.5561
13.8849,18.8621
8.1441,10.8443
14.1655,27.2617
26.6936,8.9675
3.9811,10.7615
24.9663,29.15
26.6384,13.4042
23.2689,6.0051
7.0355,19.6073
15.3799,21.3116
23.2712,16.3643
21.3369,19.7177
22.4639,11.3641
6.7848,21.0448
21.974,27.2042
7.1666,20.1018
6.1661,21.6704
8.5627,15.3339
12.2312,8.1809
14.1425,19.4003
4.5906,19.3014
11.0766,23.8715
10.3567,24.3867
9.3125,15.1016
5.2737,27.8206
11.6309,22.4708
16.9669,8.519
21.2196,5.7636
26.0381,14.3242
21.8153,6.0718
12.1714,15.4052
21.9257,5.4048
5.7636,10.5085
7.0309,16.73
25.8311,18.0295
5.3864,20.8355
15.5938,8.5144
16.3252,8.5903
16.1182,15.2534
27.5032,18.3975
21.8705,4.1858
25.5413,28.3427
23.8278,12.7579
8.6225,22.2132
9.3125,20.8309
14.9406,27.6757
12.8384,18.984
25.2308,25.3205
16.983,15.7272
12.9925,20.2927
25.4815,29.3616
26.5441,14.4852
10.1796,8.45
17.3625,12.0035
26.3394,23.2551
26.9443,10.865
21.2311,5.9867
26.0795,28.0667
9.0825,22.5605
14.4208,9.462
13.2317,27.8551
23.4759,16.8151
4.6987,19.5751
22.7537,5.5934
25.9852,28.5313
5.9775,21.4726
12.8223,21.0218
12.1576,8.8249
14.2092,26.1485
23.9129,8.5489
11.7459,14.154
22.2224,8.2131
9.1584,15.3247
23.7197,23.4483
14.4737,25.5712
11.6562,14.9843
4.6182,17.7535
26.9972,17.1831
24.6236,6.1178
17.4453,9.8668
14.637,19.6464
5.1219,18.4274
17.0083,14.1011
11.7344,14.1402
17.2015,20.7826
13.9079,9.0181
11.3963,7.5185
22.5421,5.874
8.1993,9.7863
5.5083,27.6642
13.7101,26.5119
25.4309,27.8873
13.2685,22.1925
12.9948,20.7136
26.2014,13.4732
15.5386,9.8139
6.2282,10.1543
21.3829,8.8571
18.5654,25.6862
20.2536,19.1036
22.9837,6.2075
12.1806,22.2063
10.4579,9.0204
21.7808,12.1047
5.3105,18.5033
9.5724,15.8836
27.7148,11.1755
14.4737,26.8224
11.509,8.7743
11.1088,21.5784
12.6268,19.7108
14.4185,9.3102
16.96,10.6373
10.5706,23.8761
25.8196,21.0839
21.4519,4.701
7.829,21.0218
20.939,20.893
26.7626,9.6253
25.3021,6.1431
19.8258,20.0972
19.7683,19.9868
19.5682,19.881
15.7732,15.3293
15.5041,10.1865
25.0675,24.4925
7.8152,21.4979
25.9139,17.949
15.1729,22.8503
14.6485,21.1368
26.6775,21.4588
23.8692,23.8531
17.3924,20.8516
5.8947,16.2677
22.2155,12.1599
13.5238,18.1077
19.1335,26.298
6.3409,17.7857
22.641,8.4362
27.0202,20.6561
18.3607,11.8287
9.6115,15.6651
24.596,24.458
22.5743,8.5374
15.7594,21.7693
15.0901,21.3346
25.3596,14.2069
27.1697,22.112
5.9729,27.9908
26.6959,10.2394
11.4745,7.415
16.3896,8.588
18.3124,11.6631
9.393,9.4735
8.8617,21.4059
13.1903,13.4502
10.0669,26.0749
16.8496,9.5954
16.1734,15.2212
8.8272,11.0283
22.0982,6.0925
9.8599,24.1199
27.6941,23.5265
12.7142,21.1782
16.0745,14.0022
21.997,10.8144
14.5887,23.3172
9.7472,24.2947
7.8704,10.957
12.8131,8.0498
26.2612,22.6134
23.5242,15.2971
8.6869,11.0007
17.0106,21.8383
24.7248,24.1107
12.6751,14.798
20.7251,19.5429
18.1169,24.5063
17.4798,26.3969
3.9719,19.8787
23.4713,17.6132
27.103,21.3277
23.5702,8.0889
16.1297,8.9146
7.6956,16.2148
25.7138,28.7935
13.786,18.5217
12.452,20.4767
24.8191,25.0031
7.6289,9.899
13.2363,26.1554
26.5671,21.33
6.7181,17.5971
24.8214,13.2777
5.6578,9.3424
10.98,8.9146
25.7115,10.0508
15.189,9.1975
18.0732,25.447
20.3617,27.8666
16.0952,9.6184
4.8781,10.2095
11.0122,25.0905
5.8694,20.3709
20.9873,19.5958
25.9208,17.8547
26.9834,6.633
5.5267,16.0883
23.0596,16.2585
23.1539,11.417
26.1853,14.4668
6.5456,16.6978
2.907,20.5641
4.8758,10.9915
27.1076,22.365
23.0343,8.6892
9.2113,21.9556
11.3181,14.6347
15.7479,9.3424
11.1111,14.1724
6.1086,17.3855
8.3557,10.152
4.3307,17.2567
27.126,6.1109
13.349,18.2342
16.224,8.9514
11.4009,23.9819
10.1796,24.6857
18.2273,26.4452
11.8563,25.9346
17.8984,9.945
4.8505,27.9793
26.8339,21.2219
25.148,5.9292
5.3013,19.4233
22.9216,11.6309
22.963,11.9
24.0417,11.7804
25.3872,15.6628
16.0722,9.0227
15.764,8.9169
27.9471,11.1686
8.6915,20.3778
14.6623,21.3277
10.5108,14.9912
26.4958,5.9039
23.3931,15.9549
21.6221,12.1691
10.2693,8.289
11.164,21.974
5.989,26.2382
7.8474,21.1046
16.4632,10.658
15.2649,8.2131
13.4203,13.5146
24.8007,24.5017
12.3025,7.9969
20.4836,19.3175
17.1877,11.9828
5.4232,27.2709
14.3127,25.9645
23.5426,8.8778
22.4984,11.9575
13.188,22.3167
11.3043,14.4553
15.9664,9.991
7.4081,9.8001
26.2957,15.5087
14.5542,26.1278
16.4931,14.2437
5.3013,27.6251
15.2672,21.422
22.9308,16.0814
25.2814,7.5461
17.7305,25.3803
6.2673,26.8638
12.8292,22.986
4.6596,10.2854
22.7675,17.949
5.4508,15.3776
24.8973,7.1919
21.4841,28.1242
10.6971,21.5508
22.6594,16.1504
8.7237,15.189
15.5156,14.8808
22.6019,29.4513
28.0805,10.5315
13.4939,18.3193
14.2276,27.4802
22.3466,6.1316
8.0636,11.1088
4.0616,9.9979
12.6613,21.0356
9.5471,15.0165
8.795,15.1867
9.5586,16.7967
6.0511,16.1021
22.7215,11.1134
17.627,26.6982
20.7826,20.4997
6.2535,16.4954
5.1081,27.5147
22.5007,8.2476
7.6611,20.5043
22.4915,11.7137
24.5891,27.4296
17.6868,25.5206
25.2285,4.7447
8.4132,21.1115
5.552,9.715
23.1792,11.1111
25.2722,24.7708
25.6701,10.9225
11.3572,23.5587
27.0179,9.6023
18.1054,25.9783
16.8105,21.8291
17.5419,11.8885
21.2081,27.0915
17.9651,12.5256
26.9581,22.4662
17.4982,11.9552
14.0482,17.926
9.5149,25.0882
9.3815,21.6796
5.9936,17.7029
10.4303,23.4759
8.312,21.3484
8.8318,20.3847
7.162,18.1836
10.8903,24.734
13.7515,19.0875
5.7084,15.7893
8.9261,14.6508
22.411,12.2703
26.9535,15.5133
23.4253,10.8558
23.722,11.7367
23.4437,24.0555
27.1099,27.0593
11.6539,22.1971
26.7212,4.7424
23.1378,15.9181
10.7523,25.4355
21.2725,4.5607
15.7824,8.5811
16.5874,23.3931
4.6596,11.0214
25.6356,5.6371
26.4383,15.0418
24.7731,6.0925
27.103,21.8475
26.6614,7.3414
6.1868,19.2324
25.8058,10.635
9.2021,11.0076
12.1714,20.7826
9.4114,24.4695
19.6924,24.5293
8.8456,10.3866
17.6201,24.5845
17.1233,11.6102
12.6866,22.0131
11.6838,20.9045
6.5617,21.4841
9.1837,9.8484
22.4202,29.104
24.1981,10.8604
26.3693,14.5795
7.2126,15.488
14.016,10.1267
12.3117,13.7078
14.7819,26.643
5.7061,19.214
17.2889,11.7873
5.8993,16.5437
25.7253,6.7296
20.9597,18.4619
23.7818,8.5259
27.149,14.3058
16.8312,8.5719
22.8043,15.4052
12.7717,21.0057
16.0745,18.1054
25.8955,5.4393
26.7925,21.3829
26.0036,25.7782
22.9814,6.8515
15.8882,22.595
21.3576,6.4306
4.5354,15.8491
7.5139,13.8044
19.9178,19.4279
16.224,15.4374
5.2576,27.5492
8.6409,22.4202
5.3013,20.2444
18.2365,26.413
15.81,21.2794
26.919,16.27
27.4963,17.4062
25.608,15.7548
5.3266,16.6725
5.4991,9.5954
14.1885,27.6826
11.3802,8.4086
17.1026,13.1719
26.8891,21.9648
9.6184,25.3987
25.4746,13.809
14.1678,26.0542
5.9016,27.8045
5.4209,21.2518
26.9811,10.2969
16.4885,14.683
10.0048,21.4542
24.6512,24.9433
17.7512,26.7902
25.8357,10.451
26.5924,6.0925
20.5273,28.253
21.5692,4.5561
11.67,8.5765
22.2132,4.6412
28.1426,21.4956
4.5354,9.4436
26.9213,11.9966
25.3918,13.9976
5.0069,20.8263
26.7741,8.8272
26.1554,17.5764
20.6998,20.7688
23.1355,15.9756
17.811,11.4768
25.5827,23.7864
11.4009,13.6963
5.3542,17.2015
14.1195,25.7161
15.6789,8.818
22.3029,27.54
5.5566,11.1801
10.2762,24.4235
5.5612,27.6665
14.5588,14.4001
10.8443,7.7301
20.6354,29.7871
14.5289,8.7306
14.7934,23.147
11.3066,20.847
22.158,6.104
19.6993,27.8827
6.3156,26.7856
25.6517,23.9451
17.7558,12.1231
26.0588,21.1207
5.5382,27.3008
22.0499,11.9115
5.4416,18.4987
11.0674,24.2165
26.3578,21.6359
21.7785,26.712
21.5071,5.0897
22.5835,8.5029
23.0573,28.5336
22.9492,4.6412
24.2947,13.4318
20.502,27.0478
17.6224,12.9212
6.0626,27.0731
8.818,15.4029
11.4653,20.9689
21.4588,27.4227
6.1247,10.6741
26.1255,13.8918
9.2573,22.0246
13.924,25.2906
21.215,27.4181
11.3641,7.0999
3.5556,26.9305
24.4856,23.6553
23.3632,10.0255
10.2716,20.3709
12.8177,22.1994
22.4432,11.1341
5.0115,10.3981
21.4864,19.7039
10.2141,7.4058
26.8661,10.6672
23.6668,7.5024
23.2597,8.3741
7.8428,9.9703
3.8017,10.704
22.3282,7.99
14.66,22.2569
14.9429,21.4496
13.3398,19.4417
4.9218,20.019
17.512,10.9915
5.483,11.1111
23.2252,11.9989
18.6137,11.3802
11.9966,13.7446
23.6898,7.2655
27.2571,16.9623
12.4175,13.3053
26.6614,21.4542
25.6954,5.9867
20.8654,20.4491
13.05,18.2342
24.8605,23.4437
11.2859,8.082
21.6175,27.3767
11.9943,21.9625
24.826,15.2971
8.8249,9.9335
17.5948,27.4825
20.847,28.2852
7.0815,10.4993
26.5349,21.9763
15.2971,14.6715
11.9759,20.5894
9.2458,24.849
21.3024,17.2314
20.5687,27.4618
18.0318,25.1572
27.402,10.9087
9.0641,21.8015
23.7933,8.2821
17.9237,11.5573
20.962,27.2042
4.3974,8.7605
13.0477,26.8408
27.2571,22.6479
13.9907,25.6471
5.7498,20.6883
5.4255,11.8103
16.6817,26.1117
25.4815,27.2479
7.6726,21.2334
10.589,23.8531
20.6791,26.9512
26.3831,29.2351
17.6293,11.3503
12.1921,14.6209
7.9969,10.7063
22.6456,6.702
9.1515,10.796
13.3628,19.2853
8.6409,15.9135
24.6696,26.8523
23.0159,10.9478
9.4781,20.6239
16.3597,17.1233
16.1711,14.4208
10.5982,24.7616
4.3629,28.2208
10.4395,14.5565
22.6364,6.8653
24.3798,8.1648
7.2149,16.7944
26.3693,22.6318
16.661,25.447
22.9906,18.3239
22.2868,10.52
27.3169,9.117
9.0733,21.3852
19.7936,19.3244
8.864,21.5117
6.3064,16.8243
25.4838,4.9333
14.016,18.8667
26.6154,17.7834
17.4867,10.6626
12.0679,20.8286
25.1204,14.2299
21.7693,16.2194
13.3881,26.1278
22.6042,8.8387
4.2594,21.0816
21.215,27.241
8.7766,25.2837
4.9402,27.2088
26.6108,22.1097
11.5021,21.606
12.958,7.4817
22.8089,7.9923
27.5768,21.5899
11.4699,6.8929
26.5533,15.0418
6.0672,15.9986
13.9999,21.6474
20.2007,27.0363
15.3408,19.3888
27.2916,11.9713
11.0927,21.9234
26.2198,5.7337
24.0233,13.2179
12.5187,21.1506
5.7498,16.5069
5.0644,17.5649
6.6813,27.5607
24.1291,27.4181
12.3071,20.9252
23.1056,27.724
25.8058,17.2751
22.9193,4.3583
23.3908,9.2251
14.0873,28.6118
20.7987,27.1421
4.2272,10.2279
20.2375,20.0328
27.2479,10.1842
27.0018,14.8417
26.8615,10.3245
23.0895,16.3666
4.908,29.2995
22.1879,5.8441
12.3209,18.0111
24.9433,24.0003
7.5967,9.5241
11.9851,9.6345
24.0831,8.4914
25.7184,23.9359
7.1482,27.9724
6.1086,27.885
21.3921,19.0691
12.4152,19.2209
5.6118,17.3809
23.8324,17.3993
26.9604,14.8486
13.2087,22.2408
11.3135,9.2159
8.2085,9.9634
14.7221,19.1864
22.2247,5.6302
6.2696,27.3215
17.213,14.0137
10.4119,25.9737
15.5892,10.2141
26.0197,10.9317
8.9307,22.3121
11.8333,7.1689
9.3125,15.3592
15.4558,8.45
15.1177,27.7953
12.061,21.4979
23.5541,13.1167
11.8379,8.1648
10.5844,23.7749
23.0044,11.4331
4.9379,27.7424
20.3364,27.0018
25.7759,28.6923
25.7529,5.1564
4.3491,20.2697
8.1694,10.7868
8.0774,10.6695
16.9853,12.3186
22.1925,6.4467
20.341,5.5658
13.5192,17.5327
22.9354,15.3661
11.9966,21.4105
14.7865,22.2086
18.4527,11.2468
3.9788,10.2233
5.4899,17.2774
26.8132,17.7052
15.6766,22.2086
24.7915,6.2627
26.7189,10.2624
10.3452,24.6535
28.1196,18.2365
18.9219,18.2756
13.8918,9.2987
24.9111,24.8168
21.9648,15.6605
10.4395,24.0164
17.2866,12.2933
13.0109,7.9072
7.7508,10.9478
26.1899,28.0414
12.6475,21.6497
22.1718,12.0035
26.3831,10.3038
8.151,21.7072
22.6755,4.6021
20.8838,27.448
7.2816,10.2831
18.2158,26.4751
8.6823,9.0986
17.8294,25.746
14.5059,27.3077
24.6972,24.4442
26.5648,15.603
16.845,12.9235
24.3154,24.2188
23.2045,7.9647
6.1638,19.766
17.2797,14.9268
13.4272,17.9743
25.0422,23.0872
11.8287,15.5363
23.9244,9.163
10.8075,7.3046
4.8735,9.8599
20.7044,27.4411
21.6037,28.2461
27.5561,13.2133
4.1237,10.2187
13.3881,26.0013
14.4737,26.965
15.8905,21.1069
18.2411,25.0583
15.9871,21.9648
25.2906,14.9567
5.6693,27.0225
15.9388,15.1913
26.942,22.342
10.612,25.2032
8.588,11.0329
15.3132,21.5485
26.7488,22.7054
23.1976,9.5678
5.253,16.8128
27.6688,16.0009
5.9453,16.7967
24.8513,24.4856
18.6574,26.4521
25.3734,21.7762
5.5819,9.9933
16.9738,9.439
27.1881,21.6888
9.3378,15.5018
4.149,27.2985
17.8685,26.7718
20.9919,20.5618
16.0101,14.7612
19.2899,20.0949
22.9768,8.2591
21.7624,26.5832
18.0387,25.5459
11.3664,13.7814
10.9892,13.0615
27.1812,6.2972
15.6099,8.8709
8.2959,15.6973
17.3096,11.1893
8.3925,21.2242
24.6535,23.0642
12.0472,20.6377
6.9987,21.7693
20.9988,5.2645
27.6435,17.9789
25.1963,27.2479
13.0983,20.8539
22.963,14.8923
14.844,22.0729
25.2216,27.1743
6.9872,17.2383
20.5572,19.3589
6.2719,27.4687
23.1332,16.3298
25.999,4.8551
22.9722,10.1681
16.1251,10.6649
9.2527,10.8558
20.6423,20.226
27.8781,16.7806
24.0279,9.853
26.1071,13.4548
18.1675,25.7506
26.3371,18.1192
20.2789,18.6068
23.009,16.7116
25.0514,5.7475
14.3173,23.2896
23.3218,8.9468
24.8559,27.1191
21.8682,4.8482
23.8761,6.3754
12.0771,13.7607
13.8136,25.9277
17.259,11.7482
25.9323,14.8486
6.3317,27.4365
21.8383,16.1688
16.2516,13.2731
10.2233,7.576
26.4199,24.7225
26.9926,17.1923
9.7679,25.0077
22.0568,5.782
5.5359,20.801
24.5385,29.7963
23.4851,8.3074
4.7217,16.0055
24.9709,23.9796
16.5276,15.1844
5.4117,17.0819
23.0182,8.7858
23.9037,7.9808
11.7666,21.4519
27.0823,10.0876
9.8829,14.5289
5.0552,18.5217
24.8122,9.2941
22.4639,6.6353
25.0997,29.0787
8.519,22.8986
16.2746,16.1412
9.6828,21.5922
19.9523,18.8046
12.9097,19.2071
17.3441,15.2258
11.5343,19.5636
27.2111,18.6896
21.9579,11.3549
22.825,16.4954
19.5222,27.5147
12.9074,15.7755
27.8367,22.6226
6.9849,17.1785
21.6589,6.6928
11.6631,22.4685
12.0081,21.7302
6.1132,16.1872
12.0081,16.1136
11.4009,8.4086
18.1491,25.7253
26.7534,14.9383
5.2001,28.046
10.2026,24.1153
22.6525,28.1564
8.9445,14.683
11.5481,8.8617
4.7447,27.1214
4.7562,17.8777
21.3047,25.7023
8.8364,20.7849
13.6825,26.7695
17.2567,25.24
24.0601,27.1904
8.9238,20.2444
26.7143,9.4712
23.4,18.3929
15.4696,8.841
13.901,18.1997
13.188,18.6183
25.7368,9.7403
21.6635,17.351
8.7766,15.3868
25.4033,22.7284
23.3218,24.8766
15.2948,14.7658
9.1814,24.9732
15.4765,14.0505
25.0997,5.8004
19.0139,25.4539
10.1635,9.1239
11.601,8.9813
14.5174,22.7054
11.9414,14.6255
12.0909,7.6795
15.7502,21.8912
15.6881,7.9187
13.1742,26.9213
6.173,19.3359
24.1475,26.689
22.1189,27.4618
23.1792,5.0713
5.7659,28.1978
15.0648,18.6689
7.1413,10.3981
16.2631,10.0255
15.9181,11.4124
13.8021,26.9673
9.6506,15.5685
24.7616,26.4866
27.2249,5.5727
25.4217,7.3138
22.917,11.1272
11.0973,13.1328
26.6338,10.1612
14.3173,27.5768
21.0195,26.505
23.0297,8.5075
16.7898,12.2128
11.831,21.7072
17.9628,10.4625
4.8643,16.0814
14.5611,26.9167
6.8768,10.4303
10.9938,8.7145
9.4965,21.7003
17.6132,13.4686
17.9697,26.8017
18.3515,26.6476
5.0966,27.3445
14.2713,18.0893
14.5289,26.5602
15.2074,28.1196
26.229,22.0982
26.7212,21.008
8.5535,16.5575
7.9302,14.6876
8.8203,25.0905
24.8513,23.4322
25.884,27.9586
12.4382,22.0959
7.7324,9.5954
25.4286,28.0506
26.4774,7.7416
21.7394,10.7822
26.2566,21.8889
15.8468,22.8572
15.7985,13.7998
21.1575,4.8804
20.7734,29.3754
7.5116,15.1522
16.4287,8.9169
10.1244,25.0031
23.4253,17.1509
5.0644,27.5676
20.7849,26.459
20.9275,26.0404
25.9944,27.0202
14.8877,21.9073
13.9378,18.6275
25.4447,24.0049
12.6498,18.5792
22.1603,16.9531
20.732,26.7557
24.9962,27.8045
5.9269,27.8781
26.9052,9.0319
22.2454,5.8211
9.0411,8.5466
26.8638,13.9171
15.6858,21.1207
25.4148,27.2663
28.2415,18.3032
22.7146,12.0081
17.7742,26.4429
5.2829,10.1911
26.1807,14.8026
11.3526,14.6301
12.6291,22.0752
20.6262,18.9932
27.2433,9.1561
20.2007,25.7138
26.8776,18.6896
5.138,27.678
13.9792,18.8575
23.3655,15.718
5.7222,9.7472
5.8924,28.2116
26.0542,23.1378
17.4959,11.5596
5.7383,27.8551
25.1917,27.563
20.7504,5.2898
17.696,11.9414
13.464,19.3543
13.1466,26.896
26.1048,26.1876
19.4256,19.306
9.4413,23.055
7.3575,10.3268
27.563,10.2739
12.8545,19.1473
19.0139,26.4222
5.2484,17.6615
4.8758,16.5598
26.2635,28.6946
11.1341,21.0655
13.4962,26.5947
10.9639,24.964
18.225,24.5891
20.0811,19.2301
8.9583,20.3226
5.0092,27.1651
26.7488,16.0814
14.0344,19.0507
27.3146,18.0824
6.0626,17.0865
14.0781,17.9214
27.7447,16.8749
5.6762,27.3238
17.466,10.4234
20.8401,5.6946
27.126,21.974
8.519,14.9751
17.6339,10.8144
12.9235,21.675
25.0491,6.0603
13.4548,26.758
13.073,21.5301
15.3638,8.9238
8.6363,9.8139
23.3149,17.0014
18.3791,25.447
23.1194,5.621
26.7051,23.3057
19.3727,19.5659
26.1807,15.2396
5.7889,16.8933
22.2224,4.6734
6.0419,17.3625
13.0017,6.6192
28.3542,16.6564
21.7325,27.8804
24.5362,16.9117
15.2212,19.0461
8.6294,23.0297
13.3375,19.4164
4.8758,20.4468
23.8094,12.4106
18.7908,10.497
17.8179,25.4447
12.4819,13.6871
9.5678,10.5683
20.3709,6.0534
9.5333,21.3852
25.677,5.9085
13.7906,26.2635
28.1449,16.5598
16.5023,25.2423
20.1202,19.0737
13.464,27.5055
16.6058,14.9912
23.0366,15.6743
11.4952,7.8451
6.012,19.7706
27.5423,16.4609
25.8058,24.6328
5.3519,27.8413
10.9501,8.6156
7.6427,22.1948
26.6476,9.2412
22.0131,8.3603
7.3713,15.4029
16.2953,15.2189
7.9118,9.0848
8.0314,9.5678
8.8134,14.2644
21.2311,27.0984
9.6276,24.3108
12.8499,19.0645
27.0248,17.4913
23.0389,7.1942
20.0788,26.6177
22.296,6.0051
12.061,8.3465
11.3733,8.2315
26.9995,17.3234
3.8776,10.9777
25.8587,5.2208
15.0004,9.1791
19.7798,20.3134
21.8958,8.9905
4.9885,10.6557
15.5731,21.2449
14.2529,21.6911
25.4102,14.637
4.7194,9.5149
26.0634,27.0685
25.3849,29.4375
24.0946,11.9874
27.3192,22.4041
17.5557,11.2123
23.6116,16.8404
6.0442,17.0934
16.2309,14.7497
5.9775,17.8248
25.4792,24.1912
24.1475,16.7208
10.7776,13.8711
8.9951,9.5678
20.1501,7.231
18.4067,26.4038
23.2758,8.703
7.231,19.8856
26.988,9.991
13.4571,21.1851
23.5518,12.2174
13.3099,21.0333
20.7021,19.7545
25.5597,13.9125
9.6713,20.6906
25.3274,5.6463
15.9595,9.3562
15.6421,21.5025
20.64,17.1739
22.7606,5.9407
22.273,27.7723
8.8663,20.6929
21.8636,27.7746
10.0255,23.9773
7.3253,9.6644
18.8621,25.2055
23.2919,5.1196
17.3464,25.2607
18.3883,10.0025
6.1753,20.4284
5.6279,16.5667
11.4515,14.3495
14.9406,22.526
10.4004,9.9749
26.0749,14.5151
15.2143,10.0071
19.6832,18.3515
13.3513,18.5585
23.1723,11.2399
23.308,11.0191
24.6328,6.7503
5.2898,19.7545
5.368,17.5005
16.7875,15.4029
10.681,22.3397
11.1939,21.2656
5.0897,19.8902
15.7617,14.3472
20.2628,19.6855
26.1002,19.7499
10.3567,24.3154
16.0515,14.3081
5.897,17.3625
25.1871,14.5128
15.3247,22.3926
15.051,19.007
26.7534,15.6398
22.2201,5.4071
19.6694,19.9776
7.0608,16.086
6.5709,20.4031
9.4459,21.9257
7.5645,8.8824
24.5914,25.5781
5.7406,21.3898
26.344,5.9522
25.8242,6.7848
25.3412,13.9631
8.4983,16.224
25.9668,25.079
6.8055,9.4459
17.6523,11.509
4.4135,27.2778
25.7805,15.212
4.7677,28.5727
9.0089,10.3958
22.5214,15.9871
23.5518,15.8422
10.9202,24.7708
14.3081,17.9881
4.3951,20.1363
8.2913,9.4229
16.0032,8.6087
23.8439,7.8911
25.2883,28.0391
5.1058,11.5274
10.6695,14.2506
11.1502,8.1924
26.0404,23.8761
21.1575,26.7005
15.1706,21.7762
25.5183,4.8229
14.9613,21.2081
23.837,24.8536
13.4134,26.7672
23.8393,24.3154
25.1089,16.9025
22.0729,5.2691
26.6936,28.1863
26.712,24.5224
16.3206,16.1596
29.2926,17.4614
4.3652,25.9622
25.9622,27.0064
19.6832,19.0139
12.4267,21.1414
12.9925,21.3714
13.9447,17.88
5.69,18.3952
18.3354,26.1554
21.9027,4.701
11.5343,21.4036
22.0706,16.063
18.7793,25.0997
27.1007,14.5243
21.1506,20.1294
13.1397,14.5427
6.0488,16.2102
26.2865,21.5646
13.8596,18.2733
24.2441,27.6481
17.5396,11.4791
11.555,25.0399
4.7999,28.368
14.7359,27.4825
5.5267,27.0777
22.5674,4.7677
27.3376,14.6301
4.3583,9.3102
22.7721,8.151
13.0132,14.1954
26.7166,17.5143
6.3662,9.4045
13.1972,19.4509
16.2838,8.841
24.3499,25.1388
24.2441,11.5734
23.2505,5.1886
26.1876,22.9998
16.0653,22.5444
26.3026,6.7802
16.6196,15.0165
24.1406,8.5305
4.862,17.1118
16.9163,11.4929
17.4752,24.6972
7.0953,11.1433
15.3431,15.4167
10.1221,15.1177
9.9749,20.5388
23.0182,27.5423
15.3086,14.89
23.5725,9.2803
22.0867,12.5348
24.8375,27.8896
25.8518,18.6183
9.3838,21.2357
28.6003,17.8593
17.0428,11.3595
26.9213,14.5473
4.1973,20.4997
24.2993,28.5497
21.1322,19.8557
3.896,20.065
12.9649,15.1913
12.1967,9.3677
12.5693,14.338
16.7806,14.6163
21.7233,6.5387
17.2176,14.821
11.6999,21.0356
13.8412,26.2428
4.8321,28.1035
26.7557,8.8387
11.5458,7.3667
24.6282,23.423
23.4782,15.7686
24.136,28.4922
26.3302,28.2829
4.2916,9.1492
5.736,16.9991
4.632,11.6723
4.3353,10.1658
16.6794,8.2844
15.6421,14.1678
20.939,20.3341
22.9193,16.4195
27.6504,17.1762
27.7102,6.2535
22.8687,15.1568
25.2814,14.2299
24.7984,24.4787
23.2988,16.385
17.9306,12.1898
3.9627,20.8884
4.9126,10.589
25.2538,5.5681
16.638,12.9649
8.8042,10.3015
7.737,10.3613
24.4166,28.5175
26.0726,10.911
20.8608,19.1979
18.9817,11.6999
8.8686,14.982
18.0134,26.6706
12.9718,15.3362
16.7277,11.6654
13.027,18.3561
24.7064,24.3476
11.3457,8.8111
14.5887,17.9467
17.1141,9.7311
24.2441,23.6231
3.8293,20.8424
5.8004,15.4972
21.3415,13.1121
14.0666,26.9903
16.4425,10.9915
18.0939,26.0542
5.0092,11.5159
9.5218,14.8164
7.8267,15.81
4.701,9.1423
6.3202,27.3445
16.1895,9.968
7.8152,15.649
22.7974,10.7477
6.5939,28.1771
26.1577,10.5292
7.8934,11.3756
26.6959,21.6589
25.5712,27.3077
28.0069,17.9053
21.7509,15.3776
23.2137,12.5578
5.6486,27.2042
25.2883,22.1902
11.1686,15.5133
5.9798,9.3447
12.0725,13.3904
25.5275,4.9333
27.0524,17.6385
24.4649,14.5496
23.745,27.4066
26.5855,10.1451
8.6547,24.757
23.0274,15.833
13.4985,27.1513
24.4925,23.7795
11.1985,8.3442
25.7897,15.1453
9.4344,12.3485
19.3934,12.5601
18.4941,12.5877
23.0826,12.4566
8.8134,21.1
21.2909,27.8873
9.7564,14.9153
13.8895,20.4261
24.941,5.0184
21.2449,20.0374
23.0228,11.9667
16.1826,8.8962
23.0366,15.4144
23.7496,8.8893
25.7437,6.3179
15.3293,8.6685
11.8862,20.8746
23.2459,11.8011
25.953,8.2131
9.002,11.1433
13.0615,26.965
5.897,10.2325
15.9733,15.7617
8.1257,15.3546
10.681,23.3356
